Date,Category,Region,Sales,Quantity,Profit,Rating
2025-06-01,Books,West,112.38,1,29.94,3
2025-06-01,Apparel,West,85.31,4,12.66,3
2025-06-01,Beauty,West,58.95,4,10.94,5
2025-06-01,Books,East,349.61,3,22.29,5
2025-06-01,Electronics,West,287.99,1,92.62,4
2025-06-01,Beauty,East,34.66,5,-23.89,4
2025-06-02,Books,South,84.09,2,-15.06,3
2025-06-02,Books,West,14.98,4,-10.86,4
2025-06-02,Home & Kitchen,North,93.96,4,0.36,3
2025-06-03,Electronics,North,77.97,1,10.95,4
2025-06-04,Home & Kitchen,South,119.35,1,6.0,4
2025-06-04,Electronics,South,117.89,1,5.84,4
2025-06-04,Home & Kitchen,East,16.88,1,-12.18,5
2025-06-04,Apparel,West,295.04,5,38.27,3
2025-06-05,Books,East,57.52,2,-51.58,5
2025-06-05,Home & Kitchen,West,26.01,3,3.77,3
2025-06-05,Apparel,East,70.54,3,-10.23,3
2025-06-05,Electronics,East,250.36,5,83.95,3
2025-06-05,Beauty,North,347.56,5,50.22,3
2025-06-06,Electronics,West,25.51,5,2.54,4
2025-06-06,Electronics,South,106.2,5,-1.8,5
2025-06-06,Home & Kitchen,East,178.41,5,4.93,3
2025-06-06,Books,West,57.5,4,-52.22,3
2025-06-07,Beauty,North,161.61,3,24.01,5
2025-06-07,Books,South,29.17,2,-4.28,3
2025-06-08,Apparel,West,148.6,1,3.13,5
2025-06-08,Home & Kitchen,East,16.59,4,-6.33,4
2025-06-08,Apparel,North,200.5,2,50.41,4
2025-06-09,Home & Kitchen,North,250.18,2,-4.41,3
2025-06-09,Apparel,South,22.87,1,-20.68,3
2025-06-09,Electronics,South,50.11,1,10.43,4
2025-06-10,Apparel,South,138.48,5,50.51,5
2025-06-10,Electronics,East,147.11,2,7.43,5
2025-06-12,Beauty,East,161.36,3,41.85,3
2025-06-12,Home & Kitchen,South,560.9,5,170.12,4
2025-06-12,Home & Kitchen,East,10.48,3,-4.24,5
2025-06-13,Electronics,East,77.45,1,-26.96,4
2025-06-13,Beauty,North,257.56,5,75.1,4
2025-06-13,Home & Kitchen,North,62.75,4,-3.4,5
2025-06-13,Beauty,South,190.61,5,37.37,4
2025-06-14,Apparel,East,91.19,4,9.99,4
2025-06-14,Home & Kitchen,West,220.38,4,59.51,5
2025-06-14,Electronics,North,226.02,4,-30.13,5
2025-06-14,Beauty,West,62.58,2,-22.98,3
2025-06-15,Beauty,North,678.72,1,170.24,4
2025-06-15,Books,West,130.62,3,29.38,4
2025-06-15,Apparel,West,233.02,1,61.84,3
2025-06-16,Apparel,East,24.75,4,-1.61,4
2025-06-17,Home & Kitchen,West,84.11,3,-2.28,5
2025-06-18,Apparel,South,355.87,3,14.43,4
2025-06-19,Electronics,West,10.92,2,-1.33,5
2025-06-19,Books,North,423.09,1,133.06,5
2025-06-20,Books,West,83.5,2,-11.13,3
2025-06-20,Home & Kitchen,East,315.76,3,33.77,5
2025-06-20,Electronics,West,238.61,5,27.39,5
2025-06-21,Apparel,West,65.38,4,-24.39,4
2025-06-21,Apparel,North,393.86,2,92.46,5
2025-06-22,Books,North,702.08,5,207.09,5
2025-06-22,Books,East,17.61,3,-2.43,4
2025-06-22,Home & Kitchen,West,73.68,5,27.4,5
2025-06-23,Books,North,123.49,3,32.77,4
2025-06-23,Beauty,South,31.3,4,3.75,5
2025-06-25,Home & Kitchen,East,61.91,3,-6.09,5
2025-06-25,Home & Kitchen,West,43.58,4,-1.31,4
2025-06-25,Home & Kitchen,North,143.9,3,49.28,5
2025-06-26,Electronics,West,227.05,1,25.36,4
2025-06-26,Home & Kitchen,East,180.7,2,18.04,5
2025-06-26,Home & Kitchen,East,23.23,3,-34.6,3
2025-06-27,Books,East,58.82,3,-22.76,5
2025-06-28,Home & Kitchen,West,66.17,5,8.52,3
2025-06-28,Books,East,27.98,2,3.95,5
2025-06-28,Beauty,South,118.75,2,42.34,5
2025-06-28,Home & Kitchen,West,283.27,1,98.98,3
2025-06-28,Electronics,South,269.88,1,101.37,4
2025-06-29,Apparel,West,554.35,1,55.02,3
2025-06-29,Beauty,North,87.24,5,7.11,5
2025-06-30,Home & Kitchen,East,88.3,2,7.21,3
2025-07-01,Electronics,West,38.33,2,2.07,4
2025-07-03,Electronics,West,99.02,1,25.63,4
2025-07-03,Books,West,77.48,3,16.26,5
2025-07-03,Home & Kitchen,East,125.51,2,-3.32,4
2025-07-04,Books,West,189.75,4,41.18,5
2025-07-04,Books,West,18.92,5,-20.32,4
2025-07-04,Electronics,North,365.34,4,104.2,3
2025-07-04,Electronics,North,163.51,2,18.36,5
2025-07-05,Beauty,North,15.09,1,-32.65,3
2025-07-05,Books,North,54.37,3,9.1,5
2025-07-05,Apparel,North,245.32,2,35.78,5
2025-07-05,Apparel,North,99.84,5,-13.79,3
2025-07-05,Books,West,225.52,5,48.68,4
2025-07-06,Beauty,North,35.98,1,5.47,4
2025-07-06,Electronics,West,264.51,5,72.15,5
2025-07-06,Electronics,South,71.61,4,-1.02,5
2025-07-06,Home & Kitchen,South,16.78,3,-24.24,3
2025-07-07,Electronics,North,471.98,5,58.38,5
2025-07-07,Beauty,South,268.83,3,34.31,3
2025-07-07,Books,South,13.82,4,3.08,5
2025-07-08,Beauty,West,60.3,1,12.34,3
2025-07-08,Books,North,193.72,4,18.82,5
2025-07-09,Electronics,East,157.6,3,41.48,4
2025-07-09,Apparel,West,16.97,3,-6.27,3
2025-07-09,Beauty,South,102.83,1,15.94,5
2025-07-09,Home & Kitchen,North,188.06,1,11.95,5
2025-07-09,Beauty,South,178.65,3,35.24,5
2025-07-09,Books,North,451.74,2,141.09,4
2025-07-09,Apparel,South,286.99,2,35.8,3
2025-07-10,Electronics,North,548.6,1,170.57,3
2025-07-11,Beauty,East,218.38,4,32.78,3
2025-07-11,Apparel,East,58.54,2,-7.2,5
2025-07-11,Beauty,South,14.79,2,-28.46,3
2025-07-12,Apparel,South,29.59,4,-22.93,5
2025-07-12,Apparel,South,15.14,4,-47.18,5
2025-07-12,Apparel,East,265.58,4,13.19,4
2025-07-13,Books,South,232.48,4,80.2,4
2025-07-13,Apparel,West,107.08,3,4.79,4
2025-07-14,Home & Kitchen,East,200.45,5,45.07,5
2025-07-14,Home & Kitchen,South,26.61,2,3.0,4
2025-07-14,Electronics,West,842.9,4,279.51,5
2025-07-14,Books,West,217.51,1,33.16,5
2025-07-15,Home & Kitchen,West,266.6,3,64.97,4
2025-07-16,Books,South,86.04,2,3.88,5
2025-07-16,Electronics,South,14.97,1,-16.25,3
2025-07-16,Home & Kitchen,North,54.8,5,-8.51,4
2025-07-17,Electronics,East,90.58,3,-27.4,5
2025-07-17,Electronics,North,44.85,2,-27.99,4
2025-07-17,Beauty,South,26.68,2,-7.7,3
2025-07-17,Home & Kitchen,South,153.53,2,-1.28,4
2025-07-17,Electronics,East,206.68,5,1.12,5
2025-07-18,Books,West,123.98,2,18.06,3
2025-07-18,Books,South,48.95,1,-18.22,3
2025-07-18,Electronics,North,132.41,2,20.14,3
2025-07-19,Beauty,East,37.09,2,3.18,4
2025-07-19,Home & Kitchen,West,50.53,4,5.75,4
2025-07-20,Home & Kitchen,North,48.46,2,0.11,3
2025-07-21,Electronics,East,223.66,2,50.14,3
2025-07-21,Home & Kitchen,North,47.1,5,12.9,5
2025-07-21,Beauty,South,52.32,2,12.04,3
2025-07-21,Electronics,North,46.98,3,2.42,4
2025-07-21,Beauty,North,242.47,3,27.5,3
2025-07-21,Electronics,East,291.79,4,49.38,4
2025-07-22,Apparel,North,360.9,5,37.13,3
2025-07-22,Electronics,South,30.86,2,-9.61,5
2025-07-22,Beauty,East,195.74,4,12.63,5
2025-07-23,Apparel,South,167.88,5,-59.69,3
2025-07-23,Home & Kitchen,West,83.13,2,25.64,3
2025-07-23,Electronics,North,92.08,2,10.17,3
2025-07-23,Books,West,34.79,3,-5.64,5
2025-07-23,Books,North,468.31,1,117.13,5
2025-07-23,Beauty,South,171.66,3,43.58,5
2025-07-23,Electronics,South,600.73,1,179.46,3
2025-07-24,Books,East,119.24,4,41.29,4
2025-07-24,Home & Kitchen,North,82.1,2,-21.13,5
2025-07-24,Apparel,North,113.17,4,16.33,3
2025-07-24,Books,West,410.63,5,105.77,4
2025-07-24,Electronics,West,217.85,5,38.95,5
2025-07-24,Apparel,South,32.79,1,-5.94,5
2025-07-24,Beauty,South,98.38,3,30.95,3
2025-07-25,Home & Kitchen,South,112.33,2,7.94,3
2025-07-26,Home & Kitchen,South,290.47,3,64.19,4
2025-07-26,Home & Kitchen,East,559.61,3,151.3,5
2025-07-27,Beauty,South,141.29,3,8.22,4
2025-07-28,Apparel,West,32.47,5,-2.83,5
2025-07-28,Electronics,South,89.83,3,-10.4,3
2025-07-28,Beauty,West,117.52,5,26.61,3
2025-07-28,Beauty,North,1140.34,2,410.83,5
2025-07-28,Home & Kitchen,North,23.85,1,-6.35,4
2025-07-28,Home & Kitchen,South,30.9,4,2.41,5
2025-07-29,Home & Kitchen,East,207.77,1,45.53,3
2025-07-30,Apparel,South,245.33,3,38.25,4
2025-07-30,Beauty,North,121.74,2,22.24,4
2025-07-31,Books,South,479.63,3,87.31,5
2025-07-31,Books,South,257.75,1,64.38,5
2025-08-01,Electronics,East,327.82,1,55.12,5
2025-08-01,Home & Kitchen,South,64.82,3,6.5,4
2025-08-01,Beauty,East,46.0,5,11.97,3
2025-08-01,Books,West,37.23,5,-32.67,4
2025-08-02,Apparel,East,24.71,1,6.9,5
2025-08-02,Apparel,West,11.86,5,-42.7,3
2025-08-02,Books,East,128.77,1,13.59,4
2025-08-02,Electronics,East,68.52,5,23.23,4
2025-08-04,Apparel,West,148.24,3,44.14,4
2025-08-04,Beauty,West,73.16,3,10.63,4
2025-08-04,Electronics,North,47.9,3,8.56,3
2025-08-05,Home & Kitchen,North,66.54,4,-16.72,5
2025-08-05,Electronics,West,224.6,3,20.9,3
2025-08-06,Apparel,East,11.52,2,-7.2,4
2025-08-07,Apparel,West,99.8,2,-5.09,3
2025-08-07,Books,North,44.14,2,-2.0,3
2025-08-08,Electronics,North,264.54,2,40.07,4
2025-08-08,Apparel,South,308.61,4,68.34,4
2025-08-08,Electronics,North,195.17,3,73.33,5
2025-08-08,Beauty,South,75.79,5,6.47,5
2025-08-09,Apparel,West,272.92,2,89.62,3
2025-08-09,Electronics,North,13.13,2,-0.37,5
2025-08-11,Apparel,West,259.0,5,-18.48,3
2025-08-11,Apparel,South,31.12,3,-14.89,3
2025-08-12,Apparel,West,742.78,4,265.16,3
2025-08-13,Electronics,East,64.19,5,8.52,4
2025-08-14,Books,East,31.18,5,5.53,3
2025-08-14,Beauty,North,128.73,5,12.25,3
2025-08-14,Apparel,East,267.05,3,83.91,4
2025-08-14,Apparel,East,30.05,5,-12.23,3
2025-08-15,Home & Kitchen,North,103.31,2,29.43,4
2025-08-15,Apparel,East,50.19,2,9.91,4
2025-08-15,Home & Kitchen,South,27.97,5,7.41,3
2025-08-17,Beauty,South,98.15,3,28.71,5
2025-08-17,Apparel,South,155.03,3,6.38,3
2025-08-17,Books,South,339.58,2,54.18,3
2025-08-19,Electronics,West,230.96,2,46.09,5
2025-08-20,Home & Kitchen,South,152.36,2,48.98,5
2025-08-20,Home & Kitchen,North,42.65,1,7.63,4
2025-08-20,Home & Kitchen,South,102.14,5,7.49,5
2025-08-20,Electronics,East,320.99,1,116.79,3
2025-08-21,Electronics,West,56.64,1,6.61,3
2025-08-22,Home & Kitchen,North,349.56,1,56.68,3
2025-08-22,Apparel,North,235.04,1,-0.24,5
2025-08-23,Apparel,East,129.49,1,8.02,5
2025-08-24,Apparel,West,203.99,2,18.18,3
2025-08-25,Beauty,East,37.09,4,-37.06,4
2025-08-25,Apparel,East,357.34,2,70.01,3
2025-08-25,Home & Kitchen,North,84.59,2,11.94,5
2025-08-27,Books,North,15.54,2,-9.27,3
2025-08-28,Electronics,North,37.65,4,5.93,4
2025-08-28,Apparel,North,13.34,3,-20.99,3
2025-08-29,Beauty,South,127.73,4,26.22,5
2025-08-29,Home & Kitchen,East,47.41,3,7.72,5
2025-08-29,Electronics,West,25.39,2,5.3,5
2025-08-29,Home & Kitchen,West,407.31,1,139.55,4
2025-08-30,Books,North,439.66,3,61.41,5
2025-08-31,Electronics,North,10.07,5,-13.38,3
2025-08-31,Electronics,West,306.8,4,-12.33,5
2025-08-31,Apparel,West,110.37,3,21.24,5
2025-08-31,Electronics,East,87.62,2,-14.66,4
2025-09-01,Home & Kitchen,West,225.7,5,-18.61,3
2025-09-01,Apparel,East,39.38,3,-7.11,5
2025-09-02,Electronics,North,33.0,5,-29.02,4
2025-09-02,Electronics,South,238.76,4,54.19,5
2025-09-03,Apparel,South,457.0,2,158.9,5
2025-09-03,Home & Kitchen,West,275.43,5,23.24,3
2025-09-03,Beauty,West,299.87,5,102.31,5
2025-09-03,Beauty,West,163.33,5,36.52,5
2025-09-03,Electronics,North,164.43,1,20.95,3
2025-09-04,Beauty,South,77.03,3,12.52,4
2025-09-04,Apparel,South,15.26,5,-6.01,4
2025-09-04,Beauty,South,72.73,3,0.96,4
2025-09-04,Beauty,South,184.17,3,62.98,4
2025-09-04,Beauty,West,232.78,2,40.01,5
2025-09-05,Books,East,20.62,1,-5.99,5
2025-09-05,Home & Kitchen,South,123.76,1,35.66,4
2025-09-06,Books,East,161.22,5,35.54,3
2025-09-06,Beauty,South,178.29,4,52.15,3
2025-09-06,Apparel,East,354.57,2,130.16,4
2025-09-07,Apparel,East,62.8,1,5.36,5
2025-09-07,Home & Kitchen,South,628.79,5,130.39,4
2025-09-07,Books,South,16.21,2,1.2,4
2025-09-07,Books,South,137.77,4,48.6,5
2025-09-07,Books,East,10.35,2,-53.91,3
2025-09-07,Electronics,East,103.66,2,13.91,3
2025-09-07,Books,South,351.23,5,51.87,4
2025-09-07,Electronics,South,425.6,4,19.23,4
2025-09-07,Books,East,86.95,1,-4.84,4
2025-09-08,Beauty,North,206.86,3,49.25,5
2025-09-08,Home & Kitchen,South,15.81,4,-20.99,3
2025-09-08,Electronics,South,58.39,3,4.71,4
2025-09-08,Books,East,314.82,5,27.67,4
2025-09-09,Electronics,West,347.29,5,96.98,4
2025-09-09,Apparel,North,353.67,4,100.15,5
2025-09-09,Books,South,53.72,1,-8.39,5
2025-09-09,Electronics,North,207.87,4,9.9,3
2025-09-09,Home & Kitchen,East,81.44,4,21.36,5
2025-09-11,Books,South,291.73,2,32.13,3
2025-09-11,Home & Kitchen,South,39.82,3,-11.65,3
2025-09-11,Books,South,105.82,1,16.7,4
2025-09-11,Home & Kitchen,East,237.26,5,56.67,3
2025-09-12,Books,West,123.25,1,10.65,4
2025-09-12,Apparel,South,241.79,1,-2.7,5
2025-09-13,Beauty,East,318.42,4,39.45,5
2025-09-13,Books,West,195.75,4,13.46,4
2025-09-14,Books,East,173.68,5,39.64,5
2025-09-14,Electronics,North,25.69,5,-2.57,3
2025-09-14,Apparel,South,120.89,3,9.97,4
2025-09-15,Beauty,West,284.71,4,47.55,5
2025-09-15,Apparel,East,48.28,4,-25.96,4
2025-09-16,Home & Kitchen,North,23.68,4,2.71,4
2025-09-16,Electronics,East,145.95,3,10.3,5
2025-09-17,Electronics,South,129.44,3,-12.39,4
2025-09-17,Beauty,East,331.5,4,27.78,4
2025-09-19,Home & Kitchen,North,41.82,4,3.92,4
2025-09-19,Electronics,East,49.6,3,18.25,3
2025-09-19,Apparel,East,207.36,1,50.27,4
2025-09-19,Electronics,South,62.49,4,-17.21,4
2025-09-19,Apparel,South,90.66,3,-0.57,5
2025-09-20,Beauty,South,106.05,1,21.75,3
2025-09-20,Apparel,North,224.75,1,25.24,3
2025-09-20,Apparel,West,57.01,5,-7.57,3
2025-09-20,Apparel,West,210.66,5,10.32,5
2025-09-21,Books,East,167.8,4,26.29,4
2025-09-21,Beauty,North,134.28,1,37.16,3
2025-09-21,Apparel,East,19.14,1,-12.11,5
2025-09-21,Apparel,North,50.02,2,3.34,3
2025-09-21,Home & Kitchen,North,37.78,1,-5.16,4
2025-09-21,Home & Kitchen,South,29.92,5,2.04,4
2025-09-21,Beauty,East,88.71,1,23.95,4
2025-09-22,Electronics,East,165.12,5,39.52,3
2025-09-22,Apparel,West,114.62,4,32.65,3
2025-09-23,Books,East,14.65,3,2.46,5
2025-09-24,Electronics,North,54.5,3,11.47,3
2025-09-24,Home & Kitchen,West,179.25,1,65.99,3
2025-09-24,Beauty,North,53.95,2,-48.83,5
2025-09-25,Electronics,South,106.77,3,-7.62,4
2025-09-25,Home & Kitchen,West,80.45,4,-1.68,3
2025-09-26,Home & Kitchen,South,19.38,5,-19.78,4
2025-09-26,Books,South,108.81,4,-2.44,5
2025-09-26,Electronics,East,17.99,5,3.8,4
2025-09-26,Electronics,West,107.48,5,-21.53,4
2025-09-27,Electronics,East,271.26,4,61.08,3
2025-09-27,Home & Kitchen,South,72.74,4,16.71,4
2025-09-28,Electronics,West,243.24,5,48.42,4
2025-09-28,Beauty,East,85.49,1,19.44,4
2025-09-29,Apparel,East,288.43,5,82.15,5
2025-09-29,Electronics,West,291.86,4,106.29,5
2025-09-30,Beauty,West,223.82,3,82.41,3
2025-09-30,Books,North,150.05,3,22.88,5
2025-09-30,Books,South,174.88,5,43.65,4
2025-09-30,Apparel,West,12.02,4,-2.61,4
2025-09-30,Home & Kitchen,North,53.92,1,9.63,5
2025-09-30,Apparel,East,270.4,3,43.8,4
2025-10-01,Electronics,East,610.94,3,154.08,4
2025-10-02,Beauty,West,17.08,2,-0.04,5
2025-10-02,Beauty,East,31.89,2,-48.32,5
2025-10-03,Apparel,West,14.17,5,-2.19,5
2025-10-04,Home & Kitchen,West,178.98,1,48.21,5
2025-10-04,Beauty,South,128.68,3,-2.59,4
2025-10-04,Books,East,597.62,5,128.35,3
2025-10-04,Apparel,West,107.82,3,19.13,5
2025-10-04,Books,North,28.5,3,3.7,5
2025-10-04,Books,West,84.83,1,3.32,5
2025-10-05,Apparel,South,38.28,1,-4.01,3
2025-10-05,Apparel,North,800.55,5,228.28,4
2025-10-05,Books,East,361.13,4,125.89,4
2025-10-06,Apparel,West,129.64,1,34.17,5
2025-10-06,Apparel,South,686.87,4,73.64,5
2025-10-06,Electronics,East,144.06,2,22.11,5
2025-10-06,Electronics,East,41.84,1,-20.38,5
2025-10-07,Home & Kitchen,West,60.38,5,7.34,3
2025-10-07,Books,West,100.14,3,-1.27,5
2025-10-07,Home & Kitchen,North,128.24,2,50.14,5
2025-10-08,Electronics,South,81.59,3,1.74,5
2025-10-08,Books,South,12.72,4,1.05,4
2025-10-09,Electronics,East,38.05,5,0.6,5
2025-10-09,Electronics,West,562.34,3,192.52,5
2025-10-09,Beauty,South,203.73,5,46.0,5
2025-10-09,Books,West,267.53,1,35.26,5
2025-10-10,Apparel,East,22.95,4,8.67,5
2025-10-11,Beauty,South,387.72,1,135.45,5
2025-10-11,Beauty,North,140.92,5,22.83,3
2025-10-11,Apparel,South,41.21,1,-21.31,4
2025-10-11,Apparel,South,117.84,1,2.94,5
2025-10-11,Apparel,East,129.55,3,-12.6,3
2025-10-12,Beauty,East,160.91,3,-5.56,3
2025-10-12,Electronics,North,14.7,3,1.05,5
2025-10-12,Home & Kitchen,North,121.8,1,36.34,4
2025-10-13,Books,South,164.37,4,-2.37,4
2025-10-13,Beauty,South,98.99,2,5.08,3
2025-10-13,Home & Kitchen,West,71.93,2,12.48,4
2025-10-14,Books,East,239.19,5,58.52,3
2025-10-14,Beauty,South,25.78,4,1.78,3
2025-10-14,Books,North,85.97,2,30.57,3
2025-10-15,Home & Kitchen,South,133.18,3,-9.37,4
2025-10-15,Electronics,North,10.57,2,-31.69,5
2025-10-16,Electronics,West,46.11,4,-21.12,3
2025-10-17,Home & Kitchen,North,97.26,1,-15.99,4
2025-10-17,Beauty,West,126.72,4,16.36,3
2025-10-18,Apparel,West,477.94,5,71.83,5
2025-10-18,Beauty,East,249.59,4,88.3,5
2025-10-19,Home & Kitchen,West,134.73,5,38.03,4
2025-10-19,Home & Kitchen,East,201.3,3,22.87,5
2025-10-20,Beauty,South,132.8,5,10.1,3
2025-10-20,Electronics,West,22.12,4,1.32,4
2025-10-21,Beauty,South,127.31,1,39.75,3
2025-10-21,Electronics,North,15.49,1,-32.82,4
2025-10-21,Electronics,East,45.31,3,0.5,3
2025-10-22,Beauty,South,210.4,4,66.48,4
2025-10-22,Electronics,South,578.82,1,179.21,5
2025-10-22,Beauty,South,45.57,2,4.84,3
2025-10-22,Home & Kitchen,West,13.34,2,1.07,4
2025-10-22,Beauty,East,47.31,1,3.21,5
2025-10-22,Apparel,East,128.06,2,19.73,3
2025-10-22,Home & Kitchen,East,29.22,4,-7.17,3
2025-10-23,Electronics,West,90.2,4,1.23,3
2025-10-23,Home & Kitchen,East,364.77,1,58.62,4
2025-10-23,Apparel,East,44.41,3,16.02,5
2025-10-23,Beauty,South,19.49,4,3.55,5
2025-10-23,Home & Kitchen,South,141.3,2,3.61,5
2025-10-24,Apparel,East,162.04,1,11.62,4
2025-10-24,Apparel,West,17.99,4,-10.3,3
2025-10-24,Electronics,West,164.02,2,15.24,5
2025-10-25,Apparel,South,399.82,2,58.35,3
2025-10-25,Apparel,East,32.19,1,-6.75,5
2025-10-25,Beauty,East,104.32,2,1.44,5
2025-10-25,Home & Kitchen,West,20.0,4,-1.73,5
2025-10-25,Books,East,79.58,4,2.1,5
2025-10-25,Books,South,178.78,2,33.98,4
2025-10-26,Books,South,324.63,5,31.51,5
2025-10-26,Beauty,South,48.5,5,11.61,5
2025-10-26,Apparel,South,54.0,4,-44.1,5
2025-10-27,Home & Kitchen,North,160.94,2,31.56,3
2025-10-28,Beauty,South,84.88,3,-6.73,4
2025-10-28,Beauty,North,81.87,1,-6.51,5
2025-10-28,Electronics,West,79.59,2,2.74,5
2025-10-29,Apparel,West,56.75,4,16.2,3
2025-10-29,Home & Kitchen,West,35.14,1,10.72,5
2025-10-29,Apparel,East,20.73,5,1.96,3
2025-10-29,Electronics,South,238.04,1,43.58,4
2025-10-29,Beauty,West,56.42,5,12.92,5
2025-10-30,Apparel,North,160.32,5,5.03,4
2025-10-30,Home & Kitchen,West,72.41,3,-5.16,3
2025-10-30,Electronics,North,97.3,4,-36.96,4
2025-10-30,Electronics,West,242.06,5,56.47,4
2025-10-30,Electronics,East,160.02,5,19.63,5
2025-10-30,Apparel,North,453.79,1,49.6,3
2025-10-31,Apparel,South,56.99,5,2.38,3
2025-10-31,Beauty,South,25.62,2,-27.33,4
2025-11-01,Apparel,North,71.72,4,12.39,3
2025-11-01,Home & Kitchen,South,54.22,4,10.74,4
2025-11-01,Books,North,276.4,4,58.2,4
2025-11-02,Beauty,West,162.37,5,-5.54,5
2025-11-02,Home & Kitchen,West,257.6,3,78.49,4
2025-11-03,Books,East,23.38,3,-9.71,5
2025-11-04,Beauty,South,132.46,4,7.73,3
2025-11-05,Electronics,West,288.61,2,88.41,5
2025-11-05,Beauty,West,45.14,5,4.3,5
2025-11-05,Electronics,West,176.73,2,20.34,5
2025-11-07,Apparel,South,82.95,2,27.34,3
2025-11-07,Home & Kitchen,West,46.41,1,-23.84,5
2025-11-07,Electronics,West,187.85,2,30.25,5
2025-11-07,Beauty,East,118.44,3,-6.55,5
2025-11-07,Beauty,West,120.86,3,9.46,5
2025-11-07,Books,South,385.54,5,125.97,3
2025-11-07,Beauty,South,30.45,4,-5.89,4
2025-11-08,Home & Kitchen,West,173.0,5,21.1,4
2025-11-08,Electronics,South,105.13,4,-24.34,5
2025-11-08,Electronics,West,163.08,3,12.77,3
2025-11-08,Apparel,South,155.02,1,51.76,4
2025-11-09,Books,North,126.09,5,17.34,4
2025-11-09,Beauty,East,61.5,3,20.75,4
2025-11-10,Apparel,North,148.98,5,15.58,5
2025-11-10,Books,North,200.83,1,26.26,5
2025-11-10,Home & Kitchen,East,386.51,1,85.51,3
2025-11-10,Beauty,North,41.0,3,1.37,3
2025-11-11,Electronics,North,246.54,3,50.2,4
2025-11-11,Electronics,South,238.5,3,14.15,5
2025-11-11,Beauty,South,90.63,5,16.67,4
2025-11-12,Apparel,West,165.17,2,55.52,5
2025-11-12,Beauty,North,26.26,5,-13.12,5
2025-11-12,Books,East,37.43,2,2.21,3
2025-11-13,Electronics,East,161.81,2,13.95,4
2025-11-14,Electronics,South,523.31,5,150.44,4
2025-11-14,Books,South,366.6,5,140.91,3
2025-11-15,Home & Kitchen,North,86.99,3,28.11,3
2025-11-15,Home & Kitchen,North,144.26,1,14.09,4
2025-11-16,Beauty,North,50.94,5,-36.93,3
2025-11-17,Home & Kitchen,North,225.26,3,38.67,5
2025-11-17,Apparel,South,54.02,1,-1.31,4
2025-11-17,Home & Kitchen,West,357.48,2,65.27,5
2025-11-17,Electronics,South,129.22,1,16.21,4
2025-11-17,Beauty,South,124.05,5,0.25,3
2025-11-17,Apparel,East,35.91,4,-45.23,3
2025-11-18,Beauty,South,81.47,5,14.33,4
2025-11-19,Beauty,East,22.03,5,-2.09,4
2025-11-19,Books,East,14.13,4,1.0,5
2025-11-19,Books,East,37.74,3,-2.53,4
2025-11-19,Home & Kitchen,East,206.32,5,50.29,3
2025-11-20,Books,South,113.54,4,24.82,3
2025-11-20,Electronics,North,20.46,1,-20.8,4
2025-11-20,Home & Kitchen,West,66.78,1,-39.0,4
2025-11-20,Beauty,North,16.48,4,2.16,4
2025-11-20,Home & Kitchen,West,176.78,4,51.93,5
2025-11-20,Books,East,311.29,2,49.64,4
2025-11-21,Beauty,South,382.96,1,52.84,3
2025-11-21,Beauty,West,338.44,3,78.62,3
2025-11-22,Electronics,East,273.92,5,64.5,4
2025-11-23,Apparel,West,298.76,4,88.97,3
2025-11-23,Books,South,267.23,3,16.52,4
2025-11-24,Home & Kitchen,North,173.15,1,24.55,5
2025-11-24,Apparel,West,34.79,4,9.63,4
2025-11-24,Apparel,North,24.12,3,1.23,5
2025-11-24,Home & Kitchen,East,25.96,4,-0.73,4
2025-11-25,Electronics,East,149.62,2,30.85,5
2025-11-25,Books,North,372.98,2,98.26,4
2025-11-26,Books,West,203.75,1,14.28,5
2025-11-26,Apparel,East,204.04,5,72.79,3
2025-11-27,Electronics,West,284.57,4,40.58,4
2025-11-27,Beauty,North,129.55,5,20.78,5
2025-11-27,Beauty,East,30.09,5,-57.06,5
2025-11-27,Beauty,North,226.05,2,22.09,5
2025-11-27,Apparel,North,16.87,3,1.29,3
2025-11-28,Home & Kitchen,North,199.65,5,18.28,4
2025-11-28,Home & Kitchen,East,47.13,5,2.26,3
2025-11-29,Beauty,North,137.23,3,29.46,4
2025-11-30,Beauty,South,333.67,4,27.21,5
2025-11-30,Books,West,493.46,4,160.38,3
2025-12-01,Apparel,South,240.16,3,27.05,3
2025-12-01,Beauty,North,284.38,2,97.41,4
2025-12-01,Books,North,11.97,1,-24.04,5
2025-12-02,Electronics,South,141.19,3,24.41,3
2025-12-03,Home & Kitchen,South,184.73,1,48.66,5
2025-12-03,Apparel,North,340.62,5,36.9,4
2025-12-03,Apparel,North,46.24,5,-39.57,5
2025-12-04,Apparel,North,223.81,1,6.25,4
2025-12-04,Beauty,East,189.48,3,2.3,3
2025-12-04,Apparel,North,10.03,5,-2.13,5
2025-12-04,Beauty,South,135.61,1,10.77,4
2025-12-04,Beauty,West,145.14,4,28.26,4
2025-12-05,Home & Kitchen,West,317.89,1,91.77,4
2025-12-05,Beauty,East,133.21,1,47.92,3
2025-12-05,Books,East,30.54,5,1.6,3
2025-12-06,Books,North,76.05,5,23.61,5
2025-12-06,Beauty,East,86.33,3,-2.98,5
2025-12-07,Beauty,West,10.85,5,-8.2,5
2025-12-07,Apparel,North,318.52,3,82.47,5
2025-12-07,Electronics,East,79.32,4,18.16,5
2025-12-07,Electronics,North,179.1,1,19.46,4
2025-12-07,Home & Kitchen,East,139.15,3,-1.64,5
2025-12-07,Home & Kitchen,South,84.99,4,20.55,5
2025-12-08,Books,North,307.06,4,88.59,5
2025-12-08,Home & Kitchen,West,174.17,2,43.14,4
2025-12-08,Home & Kitchen,South,442.31,2,129.2,4
2025-12-09,Apparel,South,75.22,2,24.56,5
2025-12-09,Books,West,297.69,4,58.89,5
2025-12-09,Home & Kitchen,South,43.59,1,0.0,3
2025-12-09,Beauty,South,273.01,3,77.23,4
2025-12-09,Apparel,North,70.13,5,16.91,4
2025-12-09,Beauty,West,407.67,2,69.82,4
2025-12-09,Apparel,North,102.04,2,11.6,3
2025-12-11,Books,West,10.44,5,1.43,3
2025-12-11,Electronics,North,174.11,1,39.0,4
2025-12-11,Books,South,201.87,4,31.11,4
2025-12-12,Books,West,130.44,1,37.27,3
2025-12-12,Home & Kitchen,East,17.07,2,-16.93,3
2025-12-12,Home & Kitchen,South,106.45,3,30.82,5
2025-12-13,Books,East,123.6,1,21.99,4
2025-12-13,Electronics,East,122.37,3,13.63,5
2025-12-14,Electronics,West,19.24,3,-13.4,5
2025-12-14,Beauty,South,31.15,2,6.61,5
2025-12-15,Apparel,North,99.63,3,12.0,3
2025-12-15,Electronics,South,194.49,3,11.72,3
2025-12-15,Apparel,West,220.26,1,43.83,4
2025-12-15,Electronics,South,66.73,3,15.47,3
2025-12-16,Books,North,70.16,3,21.5,4
2025-12-18,Apparel,South,42.69,1,16.19,3
2025-12-18,Books,East,56.52,2,-10.26,5
2025-12-18,Books,South,55.84,3,3.75,4
2025-12-19,Electronics,South,241.95,1,59.74,5
2025-12-19,Apparel,West,133.59,5,10.42,4
2025-12-19,Home & Kitchen,North,92.33,3,16.85,4
2025-12-19,Books,West,103.35,3,19.37,4
2025-12-20,Home & Kitchen,South,190.25,2,68.27,5
2025-12-20,Beauty,North,28.98,2,2.21,5
2025-12-20,Books,East,303.8,5,62.69,5
2025-12-21,Books,South,63.61,2,-38.76,3
2025-12-22,Beauty,West,58.49,3,16.68,3
2025-12-22,Books,North,521.93,4,49.78,5
2025-12-23,Beauty,East,107.59,4,32.89,5
2025-12-23,Beauty,East,129.39,1,15.74,3
2025-12-24,Electronics,North,33.29,3,-4.98,3
2025-12-24,Books,North,501.75,1,107.82,5
2025-12-24,Electronics,East,67.78,3,5.59,4
2025-12-25,Electronics,South,366.89,2,112.87,3
2025-12-25,Home & Kitchen,South,220.43,2,75.3,3
2025-12-25,Electronics,North,37.02,5,9.47,4
2025-12-29,Electronics,South,203.57,3,53.21,3
2025-12-29,Electronics,South,202.63,5,1.73,4
2025-12-29,Apparel,East,365.58,5,-0.02,3
2025-12-30,Books,North,10.43,4,-15.57,5
2025-12-30,Beauty,North,223.09,4,63.93,5
2025-12-31,Beauty,North,146.74,2,32.23,5
2025-12-31,Books,West,86.86,3,14.12,5
2025-12-31,Books,South,358.78,2,27.95,5
2026-01-01,Beauty,East,14.69,5,-7.24,4
2026-01-01,Electronics,North,113.15,2,31.16,3
2026-01-01,Beauty,West,59.85,4,13.35,3
2026-01-01,Home & Kitchen,East,99.71,1,17.18,3
2026-01-01,Apparel,West,312.54,2,35.83,4
2026-01-02,Books,South,127.96,2,9.05,3
2026-01-02,Home & Kitchen,East,152.58,3,49.95,4
2026-01-03,Books,East,72.41,4,11.29,4
2026-01-03,Electronics,North,275.58,5,93.5,3
2026-01-03,Beauty,West,54.26,4,12.36,3
2026-01-03,Apparel,West,86.4,3,10.62,4
2026-01-03,Home & Kitchen,West,159.99,4,21.48,5
2026-01-03,Books,South,70.84,3,2.79,5
2026-01-04,Home & Kitchen,East,69.14,2,18.11,5
2026-01-04,Apparel,West,518.29,2,150.79,4
2026-01-04,Home & Kitchen,West,525.16,4,37.47,4
2026-01-04,Home & Kitchen,West,102.47,1,15.49,4
2026-01-04,Electronics,West,58.35,2,-2.61,4
2026-01-06,Home & Kitchen,East,288.92,1,30.38,5
2026-01-06,Beauty,North,195.36,2,27.61,5
2026-01-06,Books,East,330.89,1,116.43,4
2026-01-06,Beauty,West,48.57,5,-0.21,4
2026-01-06,Books,West,29.52,2,1.0,4
2026-01-06,Electronics,North,325.13,4,49.84,4
2026-01-06,Beauty,West,34.47,2,1.08,4
2026-01-07,Beauty,South,100.76,3,15.82,4
2026-01-08,Home & Kitchen,East,16.84,5,-34.51,5
2026-01-08,Books,East,196.14,1,72.71,5
2026-01-08,Electronics,East,24.65,2,-9.54,3
2026-01-09,Home & Kitchen,East,33.53,2,-47.31,4
2026-01-09,Electronics,South,68.09,3,6.65,3
2026-01-09,Beauty,East,39.8,3,-10.8,5
2026-01-09,Home & Kitchen,North,90.71,1,14.55,5
2026-01-09,Beauty,West,18.92,4,-28.34,3
2026-01-10,Books,South,136.82,4,5.76,5
2026-01-10,Apparel,West,89.85,2,-12.8,4
2026-01-10,Books,West,424.91,2,91.4,3
2026-01-10,Electronics,South,181.95,4,31.85,3
2026-01-11,Beauty,East,12.43,3,0.93,5
2026-01-11,Beauty,West,169.75,3,18.59,4
2026-01-11,Apparel,West,210.95,2,35.82,3
2026-01-11,Home & Kitchen,West,253.19,3,76.69,5
2026-01-12,Apparel,West,88.07,4,-3.49,5
2026-01-12,Books,South,309.22,5,113.26,4
2026-01-12,Apparel,South,264.48,5,35.74,3
2026-01-13,Books,North,204.6,2,34.77,5
2026-01-13,Home & Kitchen,West,200.76,1,44.54,5
2026-01-13,Apparel,East,77.81,5,-1.1,4
2026-01-13,Apparel,South,57.53,1,5.62,4
2026-01-13,Home & Kitchen,North,794.56,4,215.89,5
2026-01-14,Books,West,209.88,1,41.94,3
2026-01-14,Home & Kitchen,South,65.68,1,13.36,4
2026-01-15,Home & Kitchen,East,99.35,4,19.56,4
2026-01-15,Apparel,North,79.4,3,-41.62,4
2026-01-15,Beauty,South,127.29,2,9.47,4
2026-01-15,Beauty,West,130.47,3,-5.67,5
2026-01-15,Books,North,155.5,2,35.9,5
2026-01-16,Apparel,West,103.22,2,-1.74,3
2026-01-16,Apparel,East,134.27,4,8.71,4
2026-01-17,Beauty,East,95.77,5,33.81,4
2026-01-17,Home & Kitchen,West,595.18,1,66.9,5
2026-01-17,Apparel,West,222.5,4,39.88,3
2026-01-17,Apparel,West,14.47,3,-1.43,3
2026-01-17,Electronics,East,411.07,3,90.45,4
2026-01-19,Beauty,East,200.11,5,64.71,4
2026-01-19,Home & Kitchen,East,372.32,2,116.56,4
2026-01-19,Beauty,West,166.5,4,14.08,3
2026-01-19,Beauty,North,108.54,3,24.87,3
2026-01-19,Electronics,North,14.74,3,-10.38,3
2026-01-19,Electronics,East,181.74,3,44.93,4
2026-01-19,Electronics,North,20.64,3,-18.2,5
2026-01-19,Books,North,96.3,2,5.11,3
2026-01-20,Electronics,East,21.32,3,-1.71,3
2026-01-21,Beauty,East,268.42,1,60.31,5
2026-01-21,Books,East,298.85,1,98.73,4
2026-01-22,Electronics,North,151.1,5,-11.55,3
2026-01-22,Apparel,East,49.25,4,-2.64,3
2026-01-22,Apparel,East,231.67,5,13.38,3
2026-01-23,Apparel,West,52.54,2,-3.28,4
2026-01-23,Apparel,South,12.72,2,-0.56,5
2026-01-23,Books,North,269.71,4,9.4,3
2026-01-24,Books,South,327.41,5,71.12,3
2026-01-24,Books,South,208.97,3,39.66,4
2026-01-24,Beauty,South,278.75,4,33.03,4
2026-01-25,Beauty,South,122.07,4,16.75,5
2026-01-25,Books,East,24.98,2,-4.63,3
2026-01-25,Apparel,North,324.77,5,123.42,5
2026-01-25,Electronics,West,135.93,3,7.73,4
2026-01-25,Electronics,North,14.71,2,-1.44,5
2026-01-26,Home & Kitchen,South,46.97,4,-4.16,3
2026-01-26,Books,West,16.38,1,-13.74,3
2026-01-26,Apparel,East,65.66,3,6.22,4
2026-01-27,Beauty,South,170.13,2,19.85,5
2026-01-28,Electronics,South,78.77,1,2.4,3
2026-01-28,Electronics,South,66.07,2,-35.74,3
2026-01-28,Home & Kitchen,North,23.96,5,-2.49,4
2026-01-28,Electronics,East,409.26,2,129.04,5
2026-01-29,Home & Kitchen,West,674.25,3,139.19,3
2026-01-29,Books,West,194.9,2,23.93,5
2026-01-30,Beauty,North,593.47,1,146.06,4
2026-02-01,Apparel,North,721.03,4,99.2,3
2026-02-01,Books,South,75.42,5,8.95,5
2026-02-02,Electronics,East,550.55,5,205.23,3
2026-02-02,Apparel,North,64.03,5,-25.86,5
2026-02-02,Books,West,99.36,3,20.41,5
2026-02-02,Books,South,468.71,5,64.06,5
2026-02-02,Beauty,North,179.7,3,40.84,4
2026-02-02,Electronics,East,237.62,3,9.22,4
2026-02-04,Electronics,East,122.8,5,-46.46,3
2026-02-04,Home & Kitchen,South,101.94,2,6.96,3
2026-02-04,Beauty,South,27.29,5,-13.42,3
2026-02-04,Home & Kitchen,West,137.94,1,12.8,3
2026-02-05,Books,North,203.64,4,76.85,3
2026-02-05,Apparel,South,144.85,5,11.26,5
2026-02-05,Home & Kitchen,North,181.27,4,54.67,4
2026-02-06,Beauty,North,40.09,4,4.25,3
2026-02-06,Electronics,East,90.59,1,13.51,4
2026-02-07,Books,East,72.28,1,17.89,3
2026-02-07,Books,West,449.6,3,86.16,4
2026-02-07,Home & Kitchen,North,30.88,1,7.1,4
2026-02-07,Beauty,South,40.87,4,5.71,5
2026-02-07,Beauty,West,53.61,2,-4.0,4
2026-02-07,Home & Kitchen,East,206.54,1,60.36,5
2026-02-07,Home & Kitchen,East,133.45,3,39.02,5
2026-02-08,Electronics,North,61.37,2,7.24,4
2026-02-08,Electronics,South,66.79,3,15.58,5
2026-02-08,Books,East,69.25,4,11.79,3
2026-02-08,Electronics,West,51.24,5,-39.99,5
2026-02-08,Electronics,East,101.02,1,21.5,5
2026-02-08,Beauty,North,251.68,1,49.63,5
2026-02-09,Beauty,East,55.71,3,1.68,4
2026-02-09,Books,South,20.03,5,-3.29,5
2026-02-09,Home & Kitchen,East,297.15,5,79.56,3
2026-02-10,Beauty,South,155.67,2,26.85,4
2026-02-10,Beauty,South,301.6,1,58.96,4
2026-02-10,Home & Kitchen,North,75.61,1,17.98,3
2026-02-11,Apparel,North,24.52,1,0.57,3
2026-02-11,Books,West,47.23,4,4.92,5
2026-02-12,Home & Kitchen,East,94.68,4,-26.65,4
2026-02-12,Apparel,West,66.35,1,15.43,4
2026-02-12,Home & Kitchen,North,534.04,4,146.96,4
2026-02-13,Home & Kitchen,South,111.42,5,32.93,4
2026-02-13,Home & Kitchen,East,289.45,3,78.97,4
2026-02-14,Electronics,North,21.57,5,4.4,3
2026-02-14,Electronics,South,211.65,2,62.67,4
2026-02-14,Home & Kitchen,South,185.68,2,43.09,5
2026-02-14,Apparel,East,30.15,5,-4.45,5
2026-02-14,Beauty,South,51.0,4,5.07,4
2026-02-15,Home & Kitchen,East,609.75,5,78.83,3
2026-02-15,Beauty,East,46.52,2,-18.18,5
2026-02-16,Home & Kitchen,East,76.16,3,19.81,4
2026-02-17,Beauty,North,286.51,1,68.33,5
2026-02-17,Beauty,North,85.43,1,13.23,5
2026-02-18,Books,West,171.3,3,21.73,3
2026-02-19,Electronics,East,208.66,5,23.61,3
2026-02-19,Beauty,North,223.49,2,-2.06,4
2026-02-19,Apparel,South,85.83,3,28.63,5
2026-02-19,Electronics,South,127.31,5,20.61,3
2026-02-19,Apparel,East,11.01,3,-4.63,3
2026-02-19,Beauty,South,87.6,2,13.06,3
2026-02-20,Home & Kitchen,East,286.84,3,88.57,4
2026-02-20,Beauty,North,182.69,2,22.58,5
2026-02-22,Home & Kitchen,North,129.24,5,17.28,5
2026-02-22,Apparel,West,94.1,1,3.31,5
2026-02-23,Books,West,410.19,1,159.0,3
2026-02-23,Apparel,South,120.15,2,24.39,4
2026-02-23,Electronics,West,49.74,3,-7.57,5
2026-02-23,Beauty,North,101.32,2,-76.03,5
2026-02-23,Books,West,258.47,1,8.02,5
2026-02-24,Books,South,123.87,2,17.81,4
2026-02-25,Electronics,South,27.81,4,4.13,4
2026-02-26,Home & Kitchen,West,246.97,2,37.0,5
2026-02-26,Apparel,West,72.27,3,10.89,4
2026-02-26,Electronics,East,18.85,3,-35.8,3
2026-02-26,Beauty,West,330.73,1,85.15,4
2026-02-27,Books,West,104.71,2,-18.32,3
2026-02-27,Electronics,East,283.53,5,68.3,3
2026-02-28,Beauty,West,275.26,2,104.81,4
2026-02-28,Books,West,212.63,1,39.59,3
2026-02-28,Beauty,West,61.38,5,-13.91,5
2026-02-28,Apparel,East,13.72,5,-19.82,4
2026-03-01,Beauty,North,40.32,4,-0.84,4
2026-03-01,Home & Kitchen,North,272.95,3,45.18,4
2026-03-02,Books,North,33.86,5,-25.36,4
2026-03-02,Apparel,South,83.47,2,-28.91,5
2026-03-02,Apparel,West,134.86,4,20.42,4
2026-03-04,Beauty,North,90.29,5,21.67,5
2026-03-04,Apparel,South,208.1,4,49.96,3
2026-03-04,Books,South,17.14,1,1.9,5
2026-03-04,Beauty,South,156.14,1,1.72,5
2026-03-04,Apparel,South,60.23,1,-0.89,4
2026-03-04,Apparel,North,87.32,5,16.75,4
2026-03-05,Electronics,East,39.25,1,0.4,3
2026-03-06,Electronics,South,26.54,5,-18.23,4
2026-03-06,Beauty,South,98.08,4,-15.24,4
2026-03-07,Electronics,North,220.74,1,70.06,4
2026-03-07,Apparel,North,201.69,5,16.79,3
2026-03-07,Home & Kitchen,North,158.43,5,35.46,4
2026-03-07,Books,West,36.44,5,-23.38,4
2026-03-07,Home & Kitchen,West,146.95,2,37.62,3
2026-03-08,Beauty,East,87.69,1,11.57,4
2026-03-08,Apparel,East,80.98,4,11.62,4
2026-03-09,Electronics,East,83.24,3,11.09,5
2026-03-09,Books,East,71.64,5,7.0,3
2026-03-09,Electronics,South,178.86,1,6.67,4
2026-03-10,Electronics,South,330.55,4,97.37,3
2026-03-10,Home & Kitchen,West,211.91,4,-20.21,4
2026-03-10,Books,South,256.14,3,31.84,3
2026-03-10,Electronics,East,44.81,1,9.01,5
2026-03-10,Beauty,East,16.81,4,-3.13,3
2026-03-11,Electronics,West,327.87,3,41.43,4
2026-03-11,Home & Kitchen,West,52.02,2,9.07,5
2026-03-11,Electronics,South,51.61,5,3.06,4
2026-03-11,Apparel,West,168.19,3,56.29,4
2026-03-12,Electronics,West,1233.83,1,117.09,5
2026-03-12,Beauty,West,39.06,3,12.34,4
2026-03-12,Home & Kitchen,North,19.2,4,-0.96,3
2026-03-13,Home & Kitchen,East,184.43,2,12.79,3
2026-03-13,Beauty,South,82.33,5,7.5,4
2026-03-13,Books,South,363.65,5,120.09,5
2026-03-13,Books,West,804.19,5,91.3,4
2026-03-13,Books,West,265.73,1,77.76,3
2026-03-15,Home & Kitchen,East,122.38,5,24.48,3
2026-03-15,Electronics,East,32.43,1,-12.52,3
2026-03-15,Books,East,82.73,1,-45.38,5
2026-03-16,Books,South,24.81,4,-13.92,4
2026-03-16,Electronics,North,34.31,4,5.11,4
2026-03-16,Books,East,106.08,1,-0.96,3
2026-03-16,Beauty,East,211.5,1,56.81,4
2026-03-16,Beauty,South,34.02,3,1.16,5
2026-03-17,Beauty,West,539.74,4,170.72,5
2026-03-17,Books,West,215.48,2,82.13,3
2026-03-19,Electronics,South,410.8,5,42.89,4
2026-03-19,Apparel,South,48.21,5,-3.58,4
2026-03-20,Apparel,North,124.63,1,36.53,4
2026-03-20,Books,South,77.67,3,5.71,4
2026-03-21,Home & Kitchen,East,132.87,1,-2.06,3
2026-03-21,Beauty,West,17.32,2,-12.55,5
2026-03-21,Beauty,East,35.51,4,5.11,4
2026-03-21,Beauty,East,108.47,5,6.91,4
2026-03-22,Home & Kitchen,West,257.07,1,67.98,4
2026-03-23,Apparel,South,128.07,2,25.14,3
2026-03-25,Home & Kitchen,North,243.5,4,35.59,5
2026-03-26,Home & Kitchen,West,274.93,3,81.61,4
2026-03-27,Beauty,South,123.9,1,43.11,4
2026-03-27,Books,North,95.73,3,-39.18,4
2026-03-28,Books,North,155.94,3,4.03,3
2026-03-28,Electronics,South,433.14,3,117.34,5
2026-03-28,Books,East,24.83,4,-44.33,3
2026-03-29,Books,West,10.32,1,-19.3,3
2026-03-29,Beauty,North,63.17,3,13.1,5
2026-03-30,Apparel,West,456.6,5,34.48,3
2026-03-30,Home & Kitchen,West,27.64,4,8.17,4
2026-03-30,Beauty,West,301.87,3,82.81,3
2026-03-30,Beauty,South,94.34,2,0.82,4
2026-03-31,Apparel,South,105.16,3,24.44,3
2026-03-31,Home & Kitchen,North,72.51,1,-11.86,5
2026-03-31,Beauty,South,582.93,3,168.05,3
2026-03-31,Beauty,West,14.52,2,-9.24,3
2026-03-31,Home & Kitchen,South,314.37,1,53.41,3
2026-04-01,Home & Kitchen,South,165.66,3,20.98,5
2026-04-01,Home & Kitchen,North,248.62,2,35.04,5
2026-04-02,Books,East,185.72,2,47.88,3
2026-04-02,Electronics,East,371.42,1,115.04,5
2026-04-02,Beauty,North,351.94,1,113.91,5
2026-04-03,Electronics,East,729.5,4,94.62,3
2026-04-03,Home & Kitchen,North,41.83,3,1.95,4
2026-04-04,Apparel,West,72.42,5,-26.89,4
2026-04-04,Home & Kitchen,East,171.43,1,33.39,4
2026-04-04,Books,South,48.91,4,-0.1,4
2026-04-05,Home & Kitchen,West,94.03,3,-3.73,3
2026-04-06,Electronics,West,25.4,2,2.94,5
2026-04-06,Electronics,East,16.09,1,-0.59,3
2026-04-07,Books,East,30.88,4,4.95,4
2026-04-07,Apparel,South,546.47,1,46.32,3
2026-04-07,Apparel,West,148.68,1,40.26,5
2026-04-08,Home & Kitchen,East,21.92,2,-2.61,3
2026-04-08,Beauty,South,56.99,5,1.89,5
2026-04-08,Books,West,15.0,4,-28.89,3
2026-04-09,Books,South,63.91,4,11.81,4
2026-04-09,Apparel,North,104.27,3,-6.49,3
2026-04-10,Apparel,West,121.92,2,28.01,3
2026-04-10,Beauty,West,133.83,4,10.14,4
2026-04-10,Home & Kitchen,West,160.17,3,54.23,4
2026-04-11,Home & Kitchen,East,311.92,2,39.36,3
2026-04-11,Books,East,61.62,5,17.41,4
2026-04-11,Books,South,47.36,5,12.64,3
2026-04-12,Electronics,West,46.51,3,-10.12,4
2026-04-12,Apparel,West,51.54,1,-0.32,4
2026-04-12,Electronics,East,200.95,5,41.54,5
2026-04-13,Apparel,South,322.53,4,38.93,5
2026-04-13,Home & Kitchen,East,106.93,3,3.96,3
2026-04-13,Apparel,South,35.05,5,-43.85,4
2026-04-13,Home & Kitchen,East,138.27,3,7.4,3
2026-04-14,Apparel,East,108.63,4,-2.75,4
2026-04-14,Beauty,West,106.37,1,25.48,4
2026-04-14,Books,West,181.7,2,34.49,5
2026-04-14,Home & Kitchen,West,223.6,1,17.72,4
2026-04-15,Apparel,South,66.36,3,-12.35,3
2026-04-15,Electronics,West,219.01,2,28.02,4
2026-04-16,Apparel,East,1163.93,1,231.36,4
2026-04-16,Electronics,West,114.3,2,-15.56,4
2026-04-16,Beauty,North,33.49,3,6.49,5
2026-04-17,Apparel,South,145.02,2,18.23,4
2026-04-17,Home & Kitchen,West,296.42,3,53.96,3
2026-04-18,Electronics,West,48.48,4,-0.11,4
2026-04-18,Apparel,West,254.08,5,17.82,5
2026-04-19,Electronics,North,165.81,5,17.07,4
2026-04-19,Home & Kitchen,West,97.9,2,32.72,4
2026-04-19,Electronics,North,146.07,1,21.78,5
2026-04-20,Home & Kitchen,East,115.99,4,15.13,4
2026-04-20,Home & Kitchen,East,272.34,4,37.27,3
2026-04-21,Books,South,102.0,3,28.02,5
2026-04-21,Apparel,West,456.72,4,126.45,5
2026-04-21,Electronics,West,124.11,4,9.75,5
2026-04-22,Beauty,East,66.09,4,2.04,5
2026-04-22,Apparel,East,474.65,3,117.19,3
2026-04-22,Apparel,East,60.08,1,19.55,5
2026-04-22,Beauty,East,449.62,4,81.13,5
2026-04-23,Home & Kitchen,North,84.32,5,4.79,3
2026-04-23,Electronics,East,104.38,3,-0.96,5
2026-04-23,Electronics,South,27.61,3,-45.99,5
2026-04-24,Beauty,South,350.89,3,33.34,3
2026-04-25,Books,West,450.72,1,62.14,3
2026-04-26,Electronics,East,12.14,4,-17.68,3
2026-04-26,Electronics,North,18.04,2,-0.99,5
2026-04-26,Apparel,East,256.44,5,98.71,4
2026-04-27,Apparel,North,16.84,4,-4.15,4
2026-04-27,Apparel,North,158.5,4,24.79,5
2026-04-27,Books,North,131.34,4,-1.3,3
2026-04-27,Beauty,West,211.87,4,19.12,3
2026-04-29,Books,East,65.41,5,-18.99,4
2026-05-01,Electronics,East,73.38,5,5.97,5
2026-05-01,Beauty,West,35.68,3,-101.24,3
2026-05-01,Apparel,South,122.37,2,38.4,5
2026-05-01,Home & Kitchen,North,113.44,5,10.85,5
2026-05-02,Electronics,North,111.57,5,-23.92,5
2026-05-02,Apparel,West,226.32,1,77.01,3
2026-05-03,Apparel,East,543.85,3,80.86,5
2026-05-03,Beauty,East,34.06,4,8.99,3
2026-05-04,Apparel,South,343.12,4,59.09,4
2026-05-04,Home & Kitchen,West,32.1,1,-19.21,4
2026-05-04,Beauty,West,123.67,3,15.79,3
2026-05-04,Electronics,West,30.24,3,5.27,5
2026-05-05,Electronics,West,174.88,1,-10.06,4
2026-05-05,Books,East,41.43,2,-4.83,4
2026-05-06,Beauty,South,539.86,4,62.64,3
2026-05-06,Beauty,West,134.07,5,37.55,5
2026-05-06,Electronics,North,48.7,1,0.87,4
2026-05-06,Apparel,East,207.58,4,35.42,3
2026-05-06,Electronics,North,91.74,1,-24.69,4
2026-05-07,Electronics,East,327.11,5,23.34,3
2026-05-07,Apparel,South,245.91,1,48.55,5
2026-05-07,Beauty,East,406.05,2,124.8,4
2026-05-08,Electronics,East,37.16,3,-4.64,4
2026-05-08,Beauty,West,139.07,3,42.64,3
2026-05-08,Apparel,West,139.86,5,14.27,4
2026-05-08,Home & Kitchen,North,28.45,4,-24.66,3
2026-05-08,Books,North,349.11,4,130.53,5
2026-05-08,Books,West,149.77,3,13.81,5
2026-05-09,Apparel,South,30.69,5,-8.38,4
2026-05-10,Home & Kitchen,South,79.77,3,2.37,5
2026-05-10,Electronics,North,56.82,2,4.16,3
2026-05-11,Books,East,23.56,3,-43.48,5
2026-05-11,Apparel,North,59.78,2,-4.04,5
2026-05-12,Electronics,North,110.52,5,29.71,3
2026-05-12,Electronics,North,128.15,2,22.1,5
2026-05-12,Beauty,South,147.0,2,-0.69,4
2026-05-12,Beauty,West,109.64,2,-8.2,4
2026-05-12,Apparel,East,280.71,5,52.57,3
2026-05-12,Beauty,South,24.27,3,-15.22,5
2026-05-12,Home & Kitchen,North,81.06,5,4.43,3
2026-05-13,Apparel,South,84.6,2,8.8,3
2026-05-14,Books,West,30.82,1,11.24,4
2026-05-14,Electronics,North,270.0,2,46.37,4
2026-05-14,Electronics,North,152.7,1,40.71,5
2026-05-14,Electronics,South,36.85,1,5.08,3
2026-05-15,Books,South,308.04,2,60.69,5
2026-05-15,Apparel,South,271.05,5,58.6,3
2026-05-15,Beauty,North,88.38,5,7.41,4
2026-05-15,Home & Kitchen,North,116.22,5,5.55,5
2026-05-15,Home & Kitchen,East,11.06,3,-20.06,4
2026-05-16,Electronics,West,77.34,3,10.69,3
2026-05-16,Beauty,West,14.19,4,1.2,4
2026-05-16,Home & Kitchen,East,133.04,4,41.74,4
2026-05-16,Apparel,North,56.97,3,-23.8,4
2026-05-17,Beauty,East,76.0,3,4.81,4
2026-05-17,Electronics,North,177.05,4,51.13,5
2026-05-18,Electronics,East,885.33,2,339.7,4
2026-05-18,Apparel,West,255.02,3,76.95,5
2026-05-18,Beauty,West,324.66,2,106.89,4
2026-05-20,Apparel,East,143.84,4,4.36,5
2026-05-21,Beauty,South,202.64,3,25.28,4
2026-05-21,Apparel,South,93.66,1,15.76,5
2026-05-21,Home & Kitchen,South,37.47,5,7.19,3
2026-05-21,Home & Kitchen,North,86.47,2,21.99,4
2026-05-22,Home & Kitchen,North,94.21,1,-30.67,3
2026-05-23,Beauty,East,709.2,2,263.14,3
2026-05-23,Books,East,455.94,5,70.69,4
2026-05-23,Home & Kitchen,North,366.18,5,57.81,4
2026-05-24,Apparel,West,139.83,2,12.31,4
2026-05-24,Electronics,South,703.94,3,262.34,4
2026-05-25,Electronics,East,28.77,1,-19.95,4
2026-05-25,Books,North,26.87,1,-12.58,3
2026-05-26,Electronics,East,165.96,5,53.25,5
2026-05-26,Books,North,283.16,4,81.8,3
2026-05-26,Books,West,116.1,4,12.24,4
2026-05-26,Home & Kitchen,North,291.52,5,50.37,5
2026-05-26,Beauty,West,58.36,1,-3.62,4
2026-05-26,Books,West,280.64,1,94.41,3
2026-05-27,Apparel,South,40.28,5,-15.26,3
2026-05-27,Beauty,North,59.35,2,6.43,5
2026-05-29,Books,North,102.43,1,-27.47,3
2026-05-30,Apparel,South,312.1,4,22.64,4
2026-05-30,Books,South,156.89,1,-24.31,4
2026-05-31,Apparel,South,225.63,2,34.25,4
2026-05-31,Apparel,West,95.77,4,-0.98,4
2026-05-31,Books,North,198.31,1,50.98,3
2026-05-31,Beauty,South,96.58,4,15.12,5
2026-05-31,Apparel,South,140.2,4,10.99,3
2026-05-31,Electronics,West,44.31,1,0.77,5